msg,username,password,email,tjid,qq,yzm,,twosides,money,bet_methods,xiugai,tips,tips01,tips02
succ01,lee123456789,lee123,,,,1,,特双,1,随机1注,0,请登录,请先添加投注内容,下注成功
succ02,lee123456789,lee123,,,,2,,特双,5,随机5注,0,请登录,请先添加投注内容,下注成功
succ03,lee123456789,lee123,,,,3,,特大,10,随机1注,0,请登录,请先添加投注内容,下注成功
succ04,lee123456789,lee123,,,,4,,特大,1,随机1注,0,请登录,请先添加投注内容,下注成功
succ05,lee123456789,lee123,,,,5,,特单,5,随机5注,0,请登录,请先添加投注内容,下注成功
succ06,lee123456789,lee123,,,,6,,特单,10,随机1注,0,请登录,请先添加投注内容,下注成功
succ07,lee123456789,lee123,,,,7,,特合单,,随机1注,0,请登录,请先添加投注内容,下注成功
succ08,lee123456789,lee123,,,,8,,特合单,,随机5注,0,请登录,请先添加投注内容,下注成功
succ09,lee123456789,lee123,,,,9,,特双,,随机1注,0,请登录,请先添加投注内容,下注成功
succ10,lee123456789,lee123,,,,10,,特双,,,0,请登录,请先添加投注内容,下注成功
succ11,lee123456789,lee123,,,,11,,特双,,,0,请登录,请先添加投注内容,下注成功
succ12,lee123456789,lee123,,,,12,,特双,,,0,请登录,请先添加投注内容,下注成功
succ13,lee123456789,lee123,,,,13,,特双,,,0,请登录,请先添加投注内容,下注成功
succ14,lee123456789,lee123,,,,14,,特双,,,0,请登录,请先添加投注内容,下注成功
succ15,lee123456789,lee123,,,,15,,特双,,,0,请登录,请先添加投注内容,下注成功
succ16,lee123456789,lee123,,,,16,,特双,,,0,请登录,请先添加投注内容,下注成功
succ17,lee123456789,lee123,,,,17,,特双,,,0,请登录,请先添加投注内容,下注成功
succ18,lee123456789,lee123,,,,18,,特双,,,0,请登录,请先添加投注内容,下注成功
succ19,lee123456789,lee123,,,,19,,特双,,,0,请登录,请先添加投注内容,下注成功
succ20,lee123456789,lee123,,,,20,,特双,,,0,请登录,请先添加投注内容,下注成功
succ21,lee123456789,lee123,,,,21,,特双,,,0,请登录,请先添加投注内容,下注成功
succ22,lee123456789,lee123,,,,22,,特双,,,0,请登录,请先添加投注内容,下注成功
succ23,lee123456789,lee123,,,,23,,特双,,,0,请登录,请先添加投注内容,下注成功
succ24,lee123456789,lee123,,,,24,,特双,,,0,请登录,请先添加投注内容,下注成功
succ25,lee123456789,lee123,,,,25,,特双,,,0,请登录,请先添加投注内容,下注成功
succ26,lee123456789,lee123,,,,26,,特双,,,0,请登录,请先添加投注内容,下注成功
succ27,lee123456789,lee123,,,,27,,特双,,,0,请登录,请先添加投注内容,下注成功
succ28,lee123456789,lee123,,,,28,,特双,,,0,请登录,请先添加投注内容,下注成功
succ29,lee123456789,lee123,,,,29,,特双,,,0,请登录,请先添加投注内容,下注成功
succ30,lee123456789,lee123,,,,30,,特双,,,0,请登录,请先添加投注内容,下注成功
succ31,lee123456789,lee123,,,,31,,特双,,,0,请登录,请先添加投注内容,下注成功
succ32,lee123456789,lee123,,,,32,,特双,,,0,请登录,请先添加投注内容,下注成功
succ33,lee123456789,lee123,,,,33,,特双,,,0,请登录,请先添加投注内容,下注成功
succ34,lee123456789,lee123,,,,34,,特双,,,0,请登录,请先添加投注内容,下注成功
succ35,lee123456789,lee123,,,,35,,特双,,,0,请登录,请先添加投注内容,下注成功
succ36,lee123456789,lee123,,,,36,,特双,,,0,请登录,请先添加投注内容,下注成功
succ37,lee123456789,lee123,,,,37,,特双,,,0,请登录,请先添加投注内容,下注成功
succ38,lee123456789,lee123,,,,38,,特双,,,0,请登录,请先添加投注内容,下注成功
succ39,lee123456789,lee123,,,,39,,特双,,,0,请登录,请先添加投注内容,下注成功
succ40,lee123456789,lee123,,,,40,,特双,,,0,请登录,请先添加投注内容,下注成功
succ41,lee123456789,lee123,,,,41,,特双,,,0,请登录,请先添加投注内容,下注成功
succ42,lee123456789,lee123,,,,42,,特双,,,0,请登录,请先添加投注内容,下注成功
succ43,lee123456789,lee123,,,,43,,特双,,,0,请登录,请先添加投注内容,下注成功
succ44,lee123456789,lee123,,,,44,,特双,,,0,请登录,请先添加投注内容,下注成功
succ45,lee123456789,lee123,,,,45,,特双,,,0,请登录,请先添加投注内容,下注成功
succ46,lee123456789,lee123,,,,46,,特双,,,0,请登录,请先添加投注内容,下注成功
succ47,lee123456789,lee123,,,,47,,特双,,,0,请登录,请先添加投注内容,下注成功
succ48,lee123456789,lee123,,,,48,,特双,,,0,请登录,请先添加投注内容,下注成功
succ49,lee123456789,lee123,,,,49,,特双,,,0,请登录,请先添加投注内容,下注成功
succ50,lee123456789,lee123,,,,50,,特双,,,0,请登录,请先添加投注内容,下注成功
succ51,lee123456789,lee123,,,,51,,特双,,,0,请登录,请先添加投注内容,下注成功
succ52,lee123456789,lee123,,,,52,,特双,,,0,请登录,请先添加投注内容,下注成功
succ53,lee123456789,lee123,,,,53,,特双,,,0,请登录,请先添加投注内容,下注成功
succ54,lee123456789,lee123,,,,54,,特双,,,0,请登录,请先添加投注内容,下注成功
succ55,lee123456789,lee123,,,,55,,特双,,,0,请登录,请先添加投注内容,下注成功
succ56,lee123456789,lee123,,,,56,,特双,,,0,请登录,请先添加投注内容,下注成功
succ57,lee123456789,lee123,,,,57,,特双,,,0,请登录,请先添加投注内容,下注成功
succ58,lee123456789,lee123,,,,58,,特双,,,0,请登录,请先添加投注内容,下注成功
succ59,lee123456789,lee123,,,,59,,特双,,,0,请登录,请先添加投注内容,下注成功
succ60,lee123456789,lee123,,,,60,,特双,,,0,请登录,请先添加投注内容,下注成功
succ61,lee123456789,lee123,,,,61,,特双,,,0,请登录,请先添加投注内容,下注成功
succ62,lee123456789,lee123,,,,62,,特双,,,0,请登录,请先添加投注内容,下注成功
succ63,lee123456789,lee123,,,,63,,特双,,,0,请登录,请先添加投注内容,下注成功
succ64,lee123456789,lee123,,,,64,,特双,,,0,请登录,请先添加投注内容,下注成功
