msg,examples,username,password,email,tjid,qq,yzm,,pymethod,susuamount,rechargemethod,tips,tips01,depoisttime,depoistname,depoistamount
fail01,测试异常02,lee123456763,lee123,,,,2,,SUSU公司入款,50,中国工商银行我测试啊,充值金额不符合！,充值金额,,lee2,
fail02,测试异常03,lee123456763,lee123,,,,3,,SUSU公司入款,50,中国工商银行李洁,充值金额不符合！,充值金额,,lee3,
fail03,测试异常04,lee123456763,lee123,,,,4,,SUSU公司入款,50,中国光大银行,充值金额不符合！,充值金额,,lee4,
fail04,测试异常05,lee123456763,lee123,,,,5,,SUSU公司入款,50,兴业银行,充值金额不符合！,充值金额,,lee5,
fail05,测试异常06,lee123456763,lee123,,,,6,,SUSU公司入款,50,中国银行,充值金额不符合！,充值金额,,lee6,
fail06,测试异常07,lee123456763,lee123,,,,7,,SUSU公司入款,50,江苏银行-123,充值金额不符合！,充值金额,,lee1,
fail07,测试异常08,lee123456763,lee123,,,,8,,SUSU公司入款,50,恒丰银行,充值金额不符合！,充值金额,,lee2,
fail08,测试异常10,lee123456763,lee123,,,,10,,SUSU公司入款,100,中国工商银行我测试啊,充值金额不符合！,充值金额,,lee2,
fail09,测试异常11,lee123456763,lee123,,,,11,,SUSU公司入款,100,中国工商银行李洁,充值金额不符合！,充值金额,,lee3,
fail10,测试异常12,lee123456763,lee123,,,,12,,SUSU公司入款,100,中国光大银行,充值金额不符合！,充值金额,,lee4,
fail11,测试异常13,lee123456763,lee123,,,,13,,SUSU公司入款,100,兴业银行,充值金额不符合！,充值金额,,lee5,
fail12,测试异常14,lee123456763,lee123,,,,14,,SUSU公司入款,100,中国银行,充值金额不符合！,充值金额,,lee6,
fail13,测试异常15,lee123456763,lee123,,,,15,,SUSU公司入款,100,江苏银行-123,充值金额不符合！,充值金额,,lee1,
fail14,测试异常16,lee123456763,lee123,,,,16,,SUSU公司入款,100,恒丰银行,充值金额不符合！,充值金额,,lee2,
fail15,测试异常18,lee123456763,lee123,,,,18,,SUSU公司入款,300,中国工商银行我测试啊,充值金额不符合！,充值金额,,lee2,
fail01,测试异常19,lee123456763,lee123,,,,19,,SUSU公司入款,300,中国工商银行李洁,充值金额不符合！,充值金额,,lee3,
fail01,测试异常20,lee123456763,lee123,,,,20,,SUSU公司入款,300,中国光大银行,充值金额不符合！,充值金额,,lee4,
fail01,测试异常21,lee123456763,lee123,,,,21,,SUSU公司入款,300,兴业银行,充值金额不符合！,充值金额,,lee5,
fail01,测试异常22,lee123456763,lee123,,,,22,,SUSU公司入款,300,中国银行,充值金额不符合！,充值金额,,lee6,
fail01,测试异常23,lee123456763,lee123,,,,23,,SUSU公司入款,300,江苏银行-123,充值金额不符合！,充值金额,,lee1,
fail01,测试异常24,lee123456763,lee123,,,,24,,SUSU公司入款,300,恒丰银行,充值金额不符合！,充值金额,,lee2,
fail01,测试异常26,lee123456763,lee123,,,,26,,SUSU公司入款,500,中国工商银行我测试啊,充值金额不符合！,充值金额,,lee4,
fail01,测试异常27,lee123456763,lee123,,,,27,,SUSU公司入款,500,中国工商银行李洁,充值金额不符合！,充值金额,,lee5,
fail01,测试异常28,lee123456763,lee123,,,,28,,SUSU公司入款,500,中国光大银行,充值金额不符合！,充值金额,,lee6,
fail01,测试异常29,lee123456763,lee123,,,,29,,SUSU公司入款,500,兴业银行,充值金额不符合！,充值金额,,lee7,
fail01,测试异常30,lee123456763,lee123,,,,30,,SUSU公司入款,500,中国银行,充值金额不符合！,充值金额,,,
fail01,测试异常31,lee123456763,lee123,,,,31,,SUSU公司入款,500,江苏银行-123,充值金额不符合！,充值金额,,,
fail01,测试异常32,lee123456763,lee123,,,,32,,SUSU公司入款,500,恒丰银行,充值金额不符合！,充值金额,,,
fail01,测试异常34,lee123456763,lee123,,,,34,,SUSU公司入款,800,中国工商银行我测试啊,充值金额不符合！,充值金额,,,
fail01,测试异常35,lee123456763,lee123,,,,35,,SUSU公司入款,800,中国工商银行李洁,充值金额不符合！,充值金额,,,
fail01,测试异常36,lee123456763,lee123,,,,36,,SUSU公司入款,800,中国光大银行,充值金额不符合！,充值金额,,,
fail01,测试异常37,lee123456763,lee123,,,,37,,SUSU公司入款,800,兴业银行,充值金额不符合！,充值金额,,,
fail01,测试异常38,lee123456763,lee123,,,,38,,SUSU公司入款,800,中国银行,充值金额不符合！,充值金额,,,
fail01,测试异常39,lee123456763,lee123,,,,39,,SUSU公司入款,800,江苏银行-123,充值金额不符合！,充值金额,,,
fail01,测试异常40,lee123456763,lee123,,,,40,,SUSU公司入款,800,恒丰银行,充值金额不符合！,充值金额,,,
fail01,测试异常42,lee123456763,lee123,,,,42,,SUSU公司入款,1000,中国工商银行我测试啊,充值金额不符合！,充值金额,,,
fail01,测试异常43,lee123456763,lee123,,,,43,,SUSU公司入款,1000,中国工商银行李洁,充值金额不符合！,充值金额,,,
fail01,测试异常44,lee123456763,lee123,,,,44,,SUSU公司入款,1000,中国光大银行,充值金额不符合！,充值金额,,,
fail01,测试异常45,lee123456763,lee123,,,,45,,SUSU公司入款,1000,兴业银行,充值金额不符合！,充值金额,,,
fail01,测试异常46,lee123456763,lee123,,,,46,,SUSU公司入款,1000,中国银行,充值金额不符合！,充值金额,,,
fail01,测试异常47,lee123456763,lee123,,,,47,,SUSU公司入款,1000,江苏银行-123,充值金额不符合！,充值金额,,,
fail01,测试异常48,lee123456763,lee123,,,,48,,SUSU公司入款,1000,恒丰银行,充值金额不符合！,充值金额,,,
fail01,测试异常50,lee123456763,lee123,,,,50,,SUSU公司入款,2000,中国工商银行我测试啊,充值金额不符合！,充值金额,,,
fail01,测试异常51,lee123456763,lee123,,,,51,,SUSU公司入款,2000,中国工商银行李洁,充值金额不符合！,充值金额,,,
fail01,测试异常52,lee123456763,lee123,,,,52,,SUSU公司入款,2000,中国光大银行,充值金额不符合！,充值金额,,,
fail01,测试异常53,lee123456763,lee123,,,,53,,SUSU公司入款,2000,兴业银行,充值金额不符合！,充值金额,,,
fail01,测试异常54,lee123456763,lee123,,,,54,,SUSU公司入款,2000,中国银行,充值金额不符合！,充值金额,,,
fail01,测试异常55,lee123456763,lee123,,,,55,,SUSU公司入款,2000,江苏银行-123,充值金额不符合！,充值金额,,,
fail01,测试异常56,lee123456763,lee123,,,,56,,SUSU公司入款,2000,恒丰银行,充值金额不符合！,充值金额,,,
fail01,测试异常58,lee123456763,lee123,,,,58,,SUSU公司入款,3000,中国工商银行我测试啊,充值金额不符合！,充值金额,,,
fail01,测试异常59,lee123456763,lee123,,,,59,,SUSU公司入款,3000,中国工商银行李洁,充值金额不符合！,充值金额,,,
fail01,测试异常60,lee123456763,lee123,,,,60,,SUSU公司入款,3000,中国光大银行,充值金额不符合！,充值金额,,,
fail01,测试异常61,lee123456763,lee123,,,,61,,SUSU公司入款,3000,兴业银行,充值金额不符合！,充值金额,,,
fail01,测试异常62,lee123456763,lee123,,,,62,,SUSU公司入款,3000,中国银行,充值金额不符合！,充值金额,,,
fail01,测试异常63,lee123456763,lee123,,,,63,,SUSU公司入款,3000,江苏银行-123,充值金额不符合！,充值金额,,,
fail01,测试异常64,lee123456763,lee123,,,,64,,SUSU公司入款,3000,恒丰银行,充值金额不符合！,充值金额,,,
