个人中心,登陆密码,请输入原始密码,,
,,请输入登陆密码,,
,,请输入确认密码,,
,资金密码,请输入新资金密码,,
,,请再次输入新资金密码,,
,我的银行卡,,,
,,,,
财务中心,充值,susu公司入款,50,中国工商银行_susu
,,,,中国工商银行我测试啊
,,,,中国工商银行李洁
,,,,中国光大银行
,,,,中国银行
,,,,江苏银行-123
,,,,恒丰银行
,,,,
,,,100,
,,,300,
,,,500,
,,,800,
,,,1000,
,,,2000,
,,,3000,
,,,,
,,,,
,,,,
,,支付宝转账,,
,,公司入款,,
,,ViP代理充值,,
,提现,,,
,充值记录,,,
,提现记录,,,
代理中心,团队总览,,,
,开户中心,,,
,代理报表,,,
,团队管理,,,
,订单记录,,,
,帐变记录,,,
,代理专员,,,
电子游艺,额度转换,,,
,转换记录,,,
,平台余额,,,
交易记录,数字彩投注记录,,,
,体彩投注记录,,,
,电子游艺投注记录,,,
,帐变记录,,,
信息公告,,,,
帮助反馈,,,,
我的优惠,,,,
