三分时时彩,三星,后三直选,复式,
三分时时彩,三星,后三直选,单式,
三分时时彩,三星,后三直选,直选和值,
三分时时彩,三星,后三直选,直选跨度,
三分时时彩,三星,后三直选,和值尾数,
三分时时彩,三星,后三组选,组三,
三分时时彩,三星,后三组选,组六,
三分时时彩,三星,后三组选,混合组选,
三分时时彩,三星,后三组选,组选包胆,
三分时时彩,三星,中三直选,复式,
三分时时彩,三星,中三直选,单式,
三分时时彩,三星,中三直选,直选和值,
三分时时彩,三星,中三直选,直选跨度,
三分时时彩,三星,中三直选,和值尾数,
三分时时彩,三星,中三组选,复式,
三分时时彩,三星,中三组选,组六,
三分时时彩,三星,中三组选,混合组选,
三分时时彩,三星,中三组选,组选包胆,
三分时时彩,三星,前三直选,复式,
三分时时彩,三星,前三直选,单式,
三分时时彩,三星,前三直选,直选和值,
三分时时彩,三星,前三直选,直选跨度,
三分时时彩,三星,前三直选,和值尾数,
三分时时彩,三星,前三组选,组三,
三分时时彩,三星,前三组选,组六,
三分时时彩,三星,前三组选,混合组选,
三分时时彩,三星,前三组选,组选包胆,
,,,,
三分时时彩,四星,后四直选,复试,
三分时时彩,四星,后四直选,单式,
三分时时彩,四星,后四直选,组合,
三分时时彩,四星,后四组选,组选24,
三分时时彩,四星,后四组选,组选12,
三分时时彩,四星,后四组选,组选6,
三分时时彩,四星,后四组选,组选4,
三分时时彩,四星,前四直选,复式,
三分时时彩,四星,前四直选,单式,
三分时时彩,四星,前四直选,组合,
三分时时彩,四星,前四组选,组选24,
三分时时彩,四星,前四组选,组选12,
三分时时彩,四星,前四组选,组选6,
三分时时彩,四星,前四组选,组选4,
,,,,
三分时时彩,斗牛,斗牛,牛牛,
三分时时彩,斗牛,斗牛,牛九,
三分时时彩,斗牛,斗牛,牛八,
三分时时彩,斗牛,斗牛,牛七,
三分时时彩,斗牛,斗牛,牛六,
三分时时彩,斗牛,斗牛,牛五,
三分时时彩,斗牛,斗牛,牛四,
三分时时彩,斗牛,斗牛,牛三,
三分时时彩,斗牛,斗牛,牛二,
三分时时彩,斗牛,斗牛,牛一,
三分时时彩,斗牛,斗牛,无牛,
,,,,
三分时时彩,特殊号,前三,豹子,
三分时时彩,特殊号,前三,顺子,
三分时时彩,特殊号,前三,对子,
三分时时彩,特殊号,前三,半顺,
三分时时彩,特殊号,前三,杂六,
三分时时彩,特殊号,中三,豹子,
三分时时彩,特殊号,中三,顺子,
三分时时彩,特殊号,中三,对子,
三分时时彩,特殊号,中三,半顺,
三分时时彩,特殊号,中三,杂六,
三分时时彩,特殊号,后三,豹子,
三分时时彩,特殊号,后三,顺子,
三分时时彩,特殊号,后三,对子,
三分时时彩,特殊号,后三,半顺,
三分时时彩,特殊号,后三,杂六,
,,,,
三分时时彩,大小单双,总和,总和,大
三分时时彩,大小单双,总和,总和,小
三分时时彩,大小单双,总和,总和,单
三分时时彩,大小单双,总和,总和,双
三分时时彩,大小单双,定位,万位,大
三分时时彩,大小单双,定位,万位,小
三分时时彩,大小单双,定位,万位,单
三分时时彩,大小单双,定位,万位,双
三分时时彩,大小单双,定位,千位,大
三分时时彩,大小单双,定位,千位,小
三分时时彩,大小单双,定位,千位,单
三分时时彩,大小单双,定位,千位,双
三分时时彩,大小单双,定位,百位,大
三分时时彩,大小单双,定位,百位,小
三分时时彩,大小单双,定位,百位,单
三分时时彩,大小单双,定位,百位,双
三分时时彩,大小单双,定位,十位,大
三分时时彩,大小单双,定位,十位,小
三分时时彩,大小单双,定位,十位,单
三分时时彩,大小单双,定位,十位,双
三分时时彩,大小单双,定位,个位,大
三分时时彩,大小单双,定位,个位,小
三分时时彩,大小单双,定位,个位,单
三分时时彩,大小单双,定位,个位,双
三分时时彩,大小单双,串关,串关,
,,,,
三分时时彩,龙虎,万千,龙,
三分时时彩,龙虎,万千,虎,
三分时时彩,龙虎,万千,和,
三分时时彩,龙虎,万百,龙,
三分时时彩,龙虎,万百,虎,
三分时时彩,龙虎,万百,和,
三分时时彩,龙虎,万十,龙,
三分时时彩,龙虎,万十,虎,
三分时时彩,龙虎,万十,和,
三分时时彩,龙虎,万个,龙,
三分时时彩,龙虎,万个,虎,
三分时时彩,龙虎,万个,和,
三分时时彩,龙虎,千百,龙,
三分时时彩,龙虎,千百,虎,
三分时时彩,龙虎,千百,和,
三分时时彩,龙虎,千十,龙,
三分时时彩,龙虎,千十,虎,
三分时时彩,龙虎,千十,和,
三分时时彩,龙虎,千个,龙,
三分时时彩,龙虎,千个,虎,
三分时时彩,龙虎,千个,和,
三分时时彩,龙虎,百十,龙,
三分时时彩,龙虎,百十,虎,
三分时时彩,龙虎,百十,和,
三分时时彩,龙虎,百个,龙,
三分时时彩,龙虎,百个,虎,
三分时时彩,龙虎,百个,和,
三分时时彩,龙虎,十个,龙,
三分时时彩,龙虎,十个,虎,
三分时时彩,龙虎,十个,和,
,,,,
三分时时彩,趣味,特殊,一帆风顺,0
三分时时彩,趣味,特殊,一帆风顺,1
三分时时彩,趣味,特殊,一帆风顺,2
三分时时彩,趣味,特殊,一帆风顺,3
三分时时彩,趣味,特殊,一帆风顺,4
三分时时彩,趣味,特殊,一帆风顺,5
三分时时彩,趣味,特殊,一帆风顺,6
三分时时彩,趣味,特殊,一帆风顺,7
三分时时彩,趣味,特殊,一帆风顺,8
三分时时彩,趣味,特殊,一帆风顺,9
三分时时彩,趣味,特殊,好事成双,0
三分时时彩,趣味,特殊,好事成双,1
三分时时彩,趣味,特殊,好事成双,2
三分时时彩,趣味,特殊,好事成双,3
三分时时彩,趣味,特殊,好事成双,4
三分时时彩,趣味,特殊,好事成双,5
三分时时彩,趣味,特殊,好事成双,6
三分时时彩,趣味,特殊,好事成双,7
三分时时彩,趣味,特殊,好事成双,8
三分时时彩,趣味,特殊,好事成双,9
三分时时彩,趣味,特殊,三星报喜,0
三分时时彩,趣味,特殊,三星报喜,1
三分时时彩,趣味,特殊,三星报喜,2
三分时时彩,趣味,特殊,三星报喜,3
三分时时彩,趣味,特殊,三星报喜,4
三分时时彩,趣味,特殊,三星报喜,5
三分时时彩,趣味,特殊,三星报喜,6
三分时时彩,趣味,特殊,三星报喜,7
三分时时彩,趣味,特殊,三星报喜,8
三分时时彩,趣味,特殊,三星报喜,9
三分时时彩,趣味,特殊,四季发财,0
三分时时彩,趣味,特殊,四季发财,1
三分时时彩,趣味,特殊,四季发财,2
三分时时彩,趣味,特殊,四季发财,3
三分时时彩,趣味,特殊,四季发财,4
三分时时彩,趣味,特殊,四季发财,5
三分时时彩,趣味,特殊,四季发财,6
三分时时彩,趣味,特殊,四季发财,7
三分时时彩,趣味,特殊,四季发财,8
三分时时彩,趣味,特殊,四季发财,9
,,,,
三分时时彩,任选,任二,复式,
三分时时彩,任选,任二,单式,
三分时时彩,任选,任二,组选,
三分时时彩,任选,任三,复式,
三分时时彩,任选,任三,单式,
三分时时彩,任选,任三,组三,
三分时时彩,任选,任三,组六,
三分时时彩,任选,任三,混合组选,
三分时时彩,任选,任四,复式,
三分时时彩,任选,任四,单式,
,,,,
三分时时彩,不定位,三星不定位,后三一码,
三分时时彩,不定位,三星不定位,中三一码,
三分时时彩,不定位,三星不定位,前三一码,
三分时时彩,不定位,三星不定位,后三二码,
三分时时彩,不定位,三星不定位,中三二码,
三分时时彩,不定位,三星不定位,前三二码,
三分时时彩,不定位,四星不定位,前四一码,
三分时时彩,不定位,四星不定位,后四一码,
三分时时彩,不定位,四星不定位,前四二码,
三分时时彩,不定位,四星不定位,后四二码,
三分时时彩,不定位,四星不定位,前四三码,
三分时时彩,不定位,四星不定位,后四三码,
三分时时彩,不定位,五星不定位,五星一码,
三分时时彩,不定位,五星不定位,五星二码,
三分时时彩,不定位,五星不定位,五星三码,
三分时时彩,不定位,五星不定位,五星四码,
,,,,
三分时时彩,二星,后二直选,复式,
三分时时彩,二星,后二直选,单式,
三分时时彩,二星,后二直选,直选和值,
三分时时彩,二星,后二直选,直选跨度,
三分时时彩,二星,后二直选,和值尾数,
三分时时彩,二星,后二组选,复式,
三分时时彩,二星,后二组选,单式,
三分时时彩,二星,后二组选,组选包胆,
三分时时彩,二星,前二直选,复式,
三分时时彩,二星,前二直选,单式,
三分时时彩,二星,前二直选,直选和值,
三分时时彩,二星,前二直选,直选跨度,
三分时时彩,二星,前二直选,和值尾数,
三分时时彩,二星,前二组选,复式,
三分时时彩,二星,前二组选,单式,
三分时时彩,二星,前二组选,组选包胆,
三分时时彩,定位胆,定位胆,,
三分时时彩,,,,
三分时时彩,,,,
三分时时彩,五星,五星直选,复式,
三分时时彩,五星,五星直选,单式,
三分时时彩,五星,五星直选,组合,
三分时时彩,五星,五星组选,组选120,
三分时时彩,五星,五星组选,组选60,
三分时时彩,五星,五星组选,组选30,
三分时时彩,五星,五星组选,组选20,
三分时时彩,五星,五星组选,组选10,
三分时时彩,五星,五星组选,组选5,
,,,,
五分快三,和值,大小单双,大,
五分快三,和值,大小单双,小,
五分快三,和值,大小单双,单,
五分快三,和值,大小单双,双,
五分快三,和值,大小单双,,
五分快三,二同号,标准号,二同号,
五分快三,二同号,标准号,不同号,
五分快三,二同号,手动选号,,
五分快三,二同号,二同号复选,,
五分快三,二不同号,机选号,,
五分快三,二不同号,手动选号,,
五分快三,二不同号,胆拖选号,,
五分快三,三不同号,标准选号,,
五分快三,三不同号,手动选号,,
五分快三,三不同号,三同号单选,三同号通选,
五分快三,三选号,三同号单选,三同号通选,
,,,,
,,,,
广东11选5,三码,前三直选,复式,
广东11选5,三码,前三直选,单式,
广东11选5,三码,前三组选,复式,
广东11选5,三码,前三组选,单式,
广东11选5,二码,前二直选,复式,
广东11选5,二码,前二直选,单式,
广东11选5,二码,前二组选,复式,
广东11选5,二码,前二组选,单式,
广东11选5,不定胆,前三位,,
广东11选5,定位胆,前三位,,
广东11选5,任选复式,一中一,,
广东11选5,任选复式,二中二,,
广东11选5,任选复式,三中三,,
广东11选5,任选复式,四中四,,
广东11选5,任选复式,五中五,,
广东11选5,任选复式,六中五,,
广东11选5,任选复式,七中五,,
广东11选5,任选复式,八中五,,
广东11选5,任选单式,一中一,,
广东11选5,任选单式,二中二,,
广东11选5,任选单式,三中三,,
广东11选5,任选单式,四中四,,
广东11选5,任选单式,五中五,,
广东11选5,任选单式,六中五,,
广东11选5,任选单式,七中五,,
广东11选5,任选单式,八中五,,
,,,,
,,,,
极速3D,三码,直选,复式,
极速3D,三码,直选,单式,
极速3D,三码,直选,直选和值,
极速3D,三码,组选,组三,
极速3D,三码,组选,组六,
极速3D,三码,组选,混合组选,
极速3D,二码,后二码直选,复式,
极速3D,二码,后二码直选,单式,
极速3D,二码,后二码直选,直选和值,
极速3D,二码,后二码组选,复式,
极速3D,二码,后二码组选,单式,
极速3D,二码,前二码直选,复式,
极速3D,二码,前二码直选,单式,
极速3D,二码,前二码直选,直选和值,
极速3D,二码,前二码组选,复式,
极速3D,二码,前二码组选,单式,
极速3D,定位胆,定位胆,,
极速3D,不定胆,一码不定胆,,
,,,,
,,,,
,,,,
,,,,
三分PK10,前一,冠军,,
三分PK11,前二,前二复式,,
三分PK12,,前二单式,,
三分PK13,前三,前三复式,,
三分PK14,,前三单式,,
三分PK15,定位胆,1-5名,,
三分PK16,,6-10名,,
三分PK17,,定位胆,,
三分PK18,冠军和,和值,,
三分PK19,龙虎,冠军,,
三分PK20,,亚军,,
三分PK21,,季军,,
三分PK22,,第四名,,
三分PK23,,第五名,,
三分PK24,五行,冠军,金,
三分PK25,,,木,
三分PK26,,,水,
三分PK27,,,火,
三分PK28,,,土,
三分PK29,,亚军,金,
三分PK30,,,木,
三分PK31,,,水,
三分PK32,,,火,
三分PK33,,,土,
三分PK34,,季军,金,
三分PK35,,,木,
三分PK36,,,水,
三分PK37,,,火,
三分PK38,,,土,
三分PK39,大小单双,大小,冠军,
三分PK40,,,亚军,
三分PK41,,,季军,
三分PK42,,单双,冠军,
三分PK43,,,亚军,
三分PK44,,,季军,
三分PK45,,冠亚和,大小单双,大
三分PK46,,,,小
三分PK47,,,,单
三分PK48,,,,双
,,,,
,,,,
,,,,
三分六合彩,两面,特双,,
三分六合彩,,特单,,
三分六合彩,,特大,,
三分六合彩,,特小,,
三分六合彩,,特合单,,
三分六合彩,,特合双,,
三分六合彩,,特合大,,
三分六合彩,,特合小,,
三分六合彩,,特尾大,,
三分六合彩,,特尾小,,
三分六合彩,,特天肖,,
三分六合彩,,特地肖,,
三分六合彩,,特前肖,,
三分六合彩,,特后肖,,
三分六合彩,,特家肖,,
三分六合彩,,特野肖,,
三分六合彩,,总单,,
三分六合彩,,总双,,
三分六合彩,,总大,,
三分六合彩,,总小,,
三分六合彩,七码五行,七码,单0双7,
三分六合彩,七码五行,,单1双6,
三分六合彩,七码五行,,单2双5,
三分六合彩,七码五行,,单3双4,
三分六合彩,七码五行,,单4双3,
三分六合彩,七码五行,,单5双2,
三分六合彩,七码五行,,单6双1,
三分六合彩,七码五行,,单7双0,
三分六合彩,七码五行,,大0小7,
三分六合彩,七码五行,,大1小6,
三分六合彩,七码五行,,大2小5,
三分六合彩,七码五行,,大3小4,
三分六合彩,七码五行,,大4小3,
三分六合彩,七码五行,,大5小2,
三分六合彩,七码五行,,大6小1,
三分六合彩,七码五行,,大7小0,
三分六合彩,七码五行,五行,金,
三分六合彩,七码五行,,木,
三分六合彩,七码五行,,水,
三分六合彩,七码五行,,火,
三分六合彩,七码五行,,土,
三分六合彩,尾数,头尾数,头0,
三分六合彩,尾数,,头1,
三分六合彩,尾数,,头2,
三分六合彩,尾数,,头3,
三分六合彩,尾数,,头4,
三分六合彩,尾数,,尾0,
三分六合彩,尾数,,尾1,
三分六合彩,尾数,,尾2,
三分六合彩,尾数,,尾3,
三分六合彩,尾数,,尾4,
三分六合彩,尾数,,尾5,
三分六合彩,尾数,,尾6,
三分六合彩,尾数,,尾7,
三分六合彩,尾数,,尾8,
三分六合彩,尾数,,尾9,
三分六合彩,尾数,正特尾数,尾0,
三分六合彩,尾数,,尾1,
三分六合彩,尾数,,尾2,
三分六合彩,尾数,,尾3,
三分六合彩,尾数,,尾4,
三分六合彩,尾数,,尾5,
三分六合彩,尾数,,尾6,
三分六合彩,尾数,,尾7,
三分六合彩,尾数,,尾8,
三分六合彩,尾数,,尾9,
三分六合彩,色波,三色波,红波,
三分六合彩,色波,,绿波,
三分六合彩,色波,,蓝波,
三分六合彩,色波,半波,红单,
三分六合彩,色波,,红双,
三分六合彩,色波,,红大,
三分六合彩,色波,,红小,
三分六合彩,色波,,绿单,
三分六合彩,色波,,绿双,
三分六合彩,色波,,绿大,
三分六合彩,色波,,绿小,
三分六合彩,色波,,蓝单,
三分六合彩,色波,,蓝双,
三分六合彩,色波,,蓝大,
三分六合彩,色波,,蓝小,
三分六合彩,色波,半半波,红大单,
三分六合彩,色波,,红大双,
三分六合彩,色波,,红小单,
三分六合彩,色波,,红小双,
三分六合彩,色波,,绿大单,
三分六合彩,色波,,绿大双,
三分六合彩,色波,,绿小单,
三分六合彩,色波,,绿大单,
三分六合彩,色波,,蓝大单,
三分六合彩,色波,,蓝大双,
三分六合彩,色波,,蓝小单,
三分六合彩,色波,,蓝小双,
三分六合彩,色波,七色波,红波,
三分六合彩,色波,,蓝波,
三分六合彩,色波,,绿波,
三分六合彩,色波,,和局,
三分六合彩,合肖,野兽,鼠虎兔龙蛇猴子,
三分六合彩,合肖,家禽,,
三分六合彩,合肖,单,,
三分六合彩,合肖,双,,
三分六合彩,合肖,前肖,,
三分六合彩,合肖,后肖,,
三分六合彩,合肖,天肖,,
三分六合彩,合肖,地肖,,
三分六合彩,合肖,正肖,鼠,
三分六合彩,合肖,正肖,牛,
三分六合彩,合肖,正肖,虎,
三分六合彩,合肖,正肖,兔,
三分六合彩,合肖,正肖,龙,
三分六合彩,合肖,正肖,蛇,
三分六合彩,合肖,正肖,马,
三分六合彩,合肖,正肖,羊,
三分六合彩,合肖,正肖,猴,
三分六合彩,合肖,正肖,鸡,
三分六合彩,合肖,正肖,狗,
三分六合彩,合肖,正肖,猪,
三分六合彩,合肖,特肖,鼠,
三分六合彩,合肖,特肖,牛,
三分六合彩,合肖,特肖,虎,
三分六合彩,合肖,特肖,兔,
三分六合彩,合肖,特肖,龙,
三分六合彩,合肖,特肖,蛇,
三分六合彩,合肖,特肖,马,
三分六合彩,合肖,特肖,羊,
三分六合彩,合肖,特肖,猴,
三分六合彩,合肖,特肖,鸡,
三分六合彩,合肖,特肖,狗,
三分六合彩,合肖,特肖,猪,
三分六合彩,合肖,一肖,鼠,
三分六合彩,合肖,一肖,牛,
三分六合彩,合肖,一肖,虎,
三分六合彩,合肖,一肖,兔,
三分六合彩,合肖,一肖,龙,
三分六合彩,合肖,一肖,蛇,
三分六合彩,合肖,一肖,马,
三分六合彩,合肖,一肖,羊,
三分六合彩,合肖,一肖,猴,
三分六合彩,合肖,一肖,鸡,
三分六合彩,合肖,一肖,狗,
三分六合彩,合肖,一肖,猪,
三分六合彩,合肖,总肖,234肖,
三分六合彩,合肖,总肖,5肖,
三分六合彩,合肖,总肖,6肖,
三分六合彩,合肖,总肖,7肖,
三分六合彩,合肖,总肖,总肖单,
三分六合彩,合肖,总肖,总肖双,
三分六合彩,自选不中,五不中,,
三分六合彩,自选不中,六不中,,
三分六合彩,自选不中,七不中,,
三分六合彩,自选不中,八不中,,
三分六合彩,自选不中,九不中,,
三分六合彩,自选不中,十不中,,
三分六合彩,自选不中,十一不中,,
三分六合彩,自选不中,十二不中,,
三分六合彩,连肖连尾,二连肖,鼠,
三分六合彩,连肖连尾,二连肖,牛,
三分六合彩,连肖连尾,二连肖,虎,
三分六合彩,连肖连尾,二连肖,兔,
三分六合彩,连肖连尾,二连肖,龙,
三分六合彩,连肖连尾,二连肖,蛇,
三分六合彩,连肖连尾,二连肖,马,
三分六合彩,连肖连尾,二连肖,羊,
三分六合彩,连肖连尾,二连肖,猴,
三分六合彩,连肖连尾,二连肖,鸡,
三分六合彩,连肖连尾,二连肖,狗,
三分六合彩,连肖连尾,二连肖,猪,
三分六合彩,连肖连尾,三连肖,鼠,
三分六合彩,连肖连尾,三连肖,牛,
三分六合彩,连肖连尾,三连肖,虎,
三分六合彩,连肖连尾,三连肖,兔,
三分六合彩,连肖连尾,三连肖,龙,
三分六合彩,连肖连尾,三连肖,蛇,
三分六合彩,连肖连尾,三连肖,马,
三分六合彩,连肖连尾,三连肖,羊,
三分六合彩,连肖连尾,三连肖,猴,
三分六合彩,连肖连尾,三连肖,鸡,
三分六合彩,连肖连尾,三连肖,狗,
三分六合彩,连肖连尾,三连肖,猪,
三分六合彩,连肖连尾,四连肖,鼠,
三分六合彩,连肖连尾,四连肖,牛,
三分六合彩,连肖连尾,四连肖,虎,
三分六合彩,连肖连尾,四连肖,兔,
三分六合彩,连肖连尾,四连肖,龙,
三分六合彩,连肖连尾,四连肖,蛇,
三分六合彩,连肖连尾,四连肖,马,
三分六合彩,连肖连尾,四连肖,羊,
三分六合彩,连肖连尾,四连肖,猴,
三分六合彩,连肖连尾,四连肖,鸡,
三分六合彩,连肖连尾,四连肖,狗,
三分六合彩,连肖连尾,四连肖,猪,
三分六合彩,连肖连尾,五连肖,鼠,
三分六合彩,连肖连尾,五连肖,牛,
三分六合彩,连肖连尾,五连肖,虎,
三分六合彩,连肖连尾,五连肖,兔,
三分六合彩,连肖连尾,五连肖,龙,
三分六合彩,连肖连尾,五连肖,蛇,
三分六合彩,连肖连尾,五连肖,马,
三分六合彩,连肖连尾,五连肖,羊,
三分六合彩,连肖连尾,五连肖,猴,
三分六合彩,连肖连尾,五连肖,鸡,
三分六合彩,连肖连尾,五连肖,狗,
三分六合彩,连肖连尾,五连肖,猪,
三分六合彩,连肖连尾,二连尾,尾0,
三分六合彩,连肖连尾,二连尾,尾1,
三分六合彩,连肖连尾,二连尾,尾2,
三分六合彩,连肖连尾,二连尾,尾3,
三分六合彩,连肖连尾,二连尾,尾4,
三分六合彩,连肖连尾,二连尾,尾5,
三分六合彩,连肖连尾,二连尾,尾6,
三分六合彩,连肖连尾,二连尾,尾7,
三分六合彩,连肖连尾,二连尾,尾8,
三分六合彩,连肖连尾,二连尾,尾9,
三分六合彩,连肖连尾,三连尾,尾0,
三分六合彩,连肖连尾,三连尾,尾1,
三分六合彩,连肖连尾,三连尾,尾2,
三分六合彩,连肖连尾,三连尾,尾3,
三分六合彩,连肖连尾,三连尾,尾4,
三分六合彩,连肖连尾,三连尾,尾5,
三分六合彩,连肖连尾,三连尾,尾6,
三分六合彩,连肖连尾,三连尾,尾7,
三分六合彩,连肖连尾,三连尾,尾8,
三分六合彩,连肖连尾,三连尾,尾9,
三分六合彩,连肖连尾,四连尾,尾0,
三分六合彩,连肖连尾,四连尾,尾1,
三分六合彩,连肖连尾,四连尾,尾2,
三分六合彩,连肖连尾,四连尾,尾3,
三分六合彩,连肖连尾,四连尾,尾4,
三分六合彩,连肖连尾,四连尾,尾5,
三分六合彩,连肖连尾,四连尾,尾6,
三分六合彩,连肖连尾,四连尾,尾7,
三分六合彩,连肖连尾,四连尾,尾8,
三分六合彩,连肖连尾,四连尾,尾9,
三分六合彩,连肖连尾,五连尾,尾0,
三分六合彩,连肖连尾,五连尾,尾1,
三分六合彩,连肖连尾,五连尾,尾2,
三分六合彩,连肖连尾,五连尾,尾3,
三分六合彩,连肖连尾,五连尾,尾4,
三分六合彩,连肖连尾,五连尾,尾5,
三分六合彩,连肖连尾,五连尾,尾6,
三分六合彩,连肖连尾,五连尾,尾7,
三分六合彩,连肖连尾,五连尾,尾8,
三分六合彩,连肖连尾,五连尾,尾9,
三分六合彩,连码,四全中,01,
三分六合彩,连码,四全中,02,
三分六合彩,连码,四全中,03,
三分六合彩,连码,四全中,04,
三分六合彩,连码,四全中,05,
三分六合彩,连码,四全中,06,
三分六合彩,连码,四全中,07,
三分六合彩,连码,四全中,08,
三分六合彩,连码,四全中,09,
三分六合彩,连码,四全中,10,
三分六合彩,连码,四全中,11,
三分六合彩,连码,四全中,12,
三分六合彩,连码,四全中,13,
三分六合彩,连码,四全中,14,
三分六合彩,连码,四全中,15,
三分六合彩,连码,四全中,16,
三分六合彩,连码,四全中,17,
三分六合彩,连码,四全中,18,
三分六合彩,连码,四全中,19,
三分六合彩,连码,四全中,20,
三分六合彩,连码,四全中,21,
三分六合彩,连码,四全中,22,
三分六合彩,连码,四全中,23,
三分六合彩,连码,四全中,24,
三分六合彩,连码,四全中,25,
三分六合彩,连码,四全中,26,
三分六合彩,连码,四全中,27,
三分六合彩,连码,四全中,28,
三分六合彩,连码,四全中,29,
三分六合彩,连码,四全中,30,
三分六合彩,连码,四全中,31,
三分六合彩,连码,四全中,32,
三分六合彩,连码,四全中,33,
三分六合彩,连码,四全中,34,
三分六合彩,连码,四全中,35,
三分六合彩,连码,四全中,36,
三分六合彩,连码,四全中,37,
三分六合彩,连码,四全中,38,
三分六合彩,连码,四全中,39,
三分六合彩,连码,四全中,40,
三分六合彩,连码,四全中,41,
三分六合彩,连码,四全中,42,
三分六合彩,连码,四全中,43,
三分六合彩,连码,四全中,44,
三分六合彩,连码,四全中,45,
三分六合彩,连码,四全中,46,
三分六合彩,连码,四全中,47,
三分六合彩,连码,四全中,48,
三分六合彩,连码,四全中,49,
三分六合彩,连码,三中二,01,
三分六合彩,连码,三中二,02,
三分六合彩,连码,三中二,03,
三分六合彩,连码,三中二,04,
三分六合彩,连码,三中二,05,
三分六合彩,连码,三中二,06,
三分六合彩,连码,三中二,07,
三分六合彩,连码,三中二,08,
三分六合彩,连码,三中二,09,
三分六合彩,连码,三中二,10,
三分六合彩,连码,三中二,11,
三分六合彩,连码,三中二,12,
三分六合彩,连码,三中二,13,
三分六合彩,连码,三中二,14,
三分六合彩,连码,三中二,15,
三分六合彩,连码,三中二,16,
三分六合彩,连码,三中二,17,
三分六合彩,连码,三中二,18,
三分六合彩,连码,三中二,19,
三分六合彩,连码,三中二,20,
三分六合彩,连码,三中二,21,
三分六合彩,连码,三中二,22,
三分六合彩,连码,三中二,23,
三分六合彩,连码,三中二,24,
三分六合彩,连码,三中二,25,
三分六合彩,连码,三中二,26,
三分六合彩,连码,三中二,27,
三分六合彩,连码,三中二,28,
三分六合彩,连码,三中二,29,
三分六合彩,连码,三中二,30,
三分六合彩,连码,三中二,31,
三分六合彩,连码,三中二,32,
三分六合彩,连码,三中二,33,
三分六合彩,连码,三中二,34,
三分六合彩,连码,三中二,35,
三分六合彩,连码,三中二,36,
三分六合彩,连码,三中二,37,
三分六合彩,连码,三中二,38,
三分六合彩,连码,三中二,39,
三分六合彩,连码,三中二,40,
三分六合彩,连码,三中二,41,
三分六合彩,连码,三中二,42,
三分六合彩,连码,三中二,43,
三分六合彩,连码,三中二,44,
三分六合彩,连码,三中二,45,
三分六合彩,连码,三中二,46,
三分六合彩,连码,三中二,47,
三分六合彩,连码,三中二,48,
三分六合彩,连码,三中二,49,
三分六合彩,连码,二全中,01,
三分六合彩,连码,二全中,02,
三分六合彩,连码,二全中,03,
三分六合彩,连码,二全中,04,
三分六合彩,连码,二全中,05,
三分六合彩,连码,二全中,06,
三分六合彩,连码,二全中,07,
三分六合彩,连码,二全中,08,
三分六合彩,连码,二全中,09,
三分六合彩,连码,二全中,10,
三分六合彩,连码,二全中,11,
三分六合彩,连码,二全中,12,
三分六合彩,连码,二全中,13,
三分六合彩,连码,二全中,14,
三分六合彩,连码,二全中,15,
三分六合彩,连码,二全中,16,
三分六合彩,连码,二全中,17,
三分六合彩,连码,二全中,18,
三分六合彩,连码,二全中,19,
三分六合彩,连码,二全中,20,
三分六合彩,连码,二全中,21,
三分六合彩,连码,二全中,22,
三分六合彩,连码,二全中,23,
三分六合彩,连码,二全中,24,
三分六合彩,连码,二全中,25,
三分六合彩,连码,二全中,26,
三分六合彩,连码,二全中,27,
三分六合彩,连码,二全中,28,
三分六合彩,连码,二全中,29,
三分六合彩,连码,二全中,30,
三分六合彩,连码,二全中,31,
三分六合彩,连码,二全中,32,
三分六合彩,连码,二全中,33,
三分六合彩,连码,二全中,34,
三分六合彩,连码,二全中,35,
三分六合彩,连码,二全中,36,
三分六合彩,连码,二全中,37,
三分六合彩,连码,二全中,38,
三分六合彩,连码,二全中,39,
三分六合彩,连码,二全中,40,
三分六合彩,连码,二全中,41,
三分六合彩,连码,二全中,42,
三分六合彩,连码,二全中,43,
三分六合彩,连码,二全中,44,
三分六合彩,连码,二全中,45,
三分六合彩,连码,二全中,46,
三分六合彩,连码,二全中,47,
三分六合彩,连码,二全中,48,
三分六合彩,连码,二全中,49,
三分六合彩,连码,二中特,01,
三分六合彩,连码,二中特,02,
三分六合彩,连码,二中特,03,
三分六合彩,连码,二中特,04,
三分六合彩,连码,二中特,05,
三分六合彩,连码,二中特,06,
三分六合彩,连码,二中特,07,
三分六合彩,连码,二中特,08,
三分六合彩,连码,二中特,09,
三分六合彩,连码,二中特,10,
三分六合彩,连码,二中特,11,
三分六合彩,连码,二中特,12,
三分六合彩,连码,二中特,13,
三分六合彩,连码,二中特,14,
三分六合彩,连码,二中特,15,
三分六合彩,连码,二中特,16,
三分六合彩,连码,二中特,17,
三分六合彩,连码,二中特,18,
三分六合彩,连码,二中特,19,
三分六合彩,连码,二中特,20,
三分六合彩,连码,二中特,21,
三分六合彩,连码,二中特,22,
三分六合彩,连码,二中特,23,
三分六合彩,连码,二中特,24,
三分六合彩,连码,二中特,25,
三分六合彩,连码,二中特,26,
三分六合彩,连码,二中特,27,
三分六合彩,连码,二中特,28,
三分六合彩,连码,二中特,29,
三分六合彩,连码,二中特,30,
三分六合彩,连码,二中特,31,
三分六合彩,连码,二中特,32,
三分六合彩,连码,二中特,33,
三分六合彩,连码,二中特,34,
三分六合彩,连码,二中特,35,
三分六合彩,连码,二中特,36,
三分六合彩,连码,二中特,37,
三分六合彩,连码,二中特,38,
三分六合彩,连码,二中特,39,
三分六合彩,连码,二中特,40,
三分六合彩,连码,二中特,41,
三分六合彩,连码,二中特,42,
三分六合彩,连码,二中特,43,
三分六合彩,连码,二中特,44,
三分六合彩,连码,二中特,45,
三分六合彩,连码,二中特,46,
三分六合彩,连码,二中特,47,
三分六合彩,连码,二中特,48,
三分六合彩,连码,二中特,49,
三分六合彩,连码,特串,01,
三分六合彩,连码,特串,02,
三分六合彩,连码,特串,03,
三分六合彩,连码,特串,04,
三分六合彩,连码,特串,05,
三分六合彩,连码,特串,06,
三分六合彩,连码,特串,07,
三分六合彩,连码,特串,08,
三分六合彩,连码,特串,09,
三分六合彩,连码,特串,10,
三分六合彩,连码,特串,11,
三分六合彩,连码,特串,12,
三分六合彩,连码,特串,13,
三分六合彩,连码,特串,14,
三分六合彩,连码,特串,15,
三分六合彩,连码,特串,16,
三分六合彩,连码,特串,17,
三分六合彩,连码,特串,18,
三分六合彩,连码,特串,19,
三分六合彩,连码,特串,20,
三分六合彩,连码,特串,21,
三分六合彩,连码,特串,22,
三分六合彩,连码,特串,23,
三分六合彩,连码,特串,24,
三分六合彩,连码,特串,25,
三分六合彩,连码,特串,26,
三分六合彩,连码,特串,27,
三分六合彩,连码,特串,28,
三分六合彩,连码,特串,29,
三分六合彩,连码,特串,30,
三分六合彩,连码,特串,31,
三分六合彩,连码,特串,32,
三分六合彩,连码,特串,33,
三分六合彩,连码,特串,34,
三分六合彩,连码,特串,35,
三分六合彩,连码,特串,36,
三分六合彩,连码,特串,37,
三分六合彩,连码,特串,38,
三分六合彩,连码,特串,39,
三分六合彩,连码,特串,40,
三分六合彩,连码,特串,41,
三分六合彩,连码,特串,42,
三分六合彩,连码,特串,43,
三分六合彩,连码,特串,44,
三分六合彩,连码,特串,45,
三分六合彩,连码,特串,46,
三分六合彩,连码,特串,47,
三分六合彩,连码,特串,48,
三分六合彩,连码,特串,49,
三分六合彩,正码过关,正码一,单,
三分六合彩,正码过关,正码一,双,
三分六合彩,正码过关,正码一,大,
三分六合彩,正码过关,正码一,小,
三分六合彩,正码过关,正码一,合单,
三分六合彩,正码过关,正码一,合双,
三分六合彩,正码过关,正码一,合大,
三分六合彩,正码过关,正码一,合小,
三分六合彩,正码过关,正码一,尾大,
三分六合彩,正码过关,正码一,尾小,
三分六合彩,正码过关,正码一,红波,
三分六合彩,正码过关,正码一,绿波,
三分六合彩,正码过关,正码一,蓝波,
三分六合彩,正码过关,正码二,单,
三分六合彩,正码过关,正码二,双,
三分六合彩,正码过关,正码二,大,
三分六合彩,正码过关,正码二,小,
三分六合彩,正码过关,正码二,合单,
三分六合彩,正码过关,正码二,合双,
三分六合彩,正码过关,正码二,合大,
三分六合彩,正码过关,正码二,合小,
三分六合彩,正码过关,正码二,尾大,
三分六合彩,正码过关,正码二,尾小,
三分六合彩,正码过关,正码二,红波,
三分六合彩,正码过关,正码二,绿波,
三分六合彩,正码过关,正码二,蓝波,
三分六合彩,正码过关,正码三,单,
三分六合彩,正码过关,正码三,双,
三分六合彩,正码过关,正码三,大,
三分六合彩,正码过关,正码三,小,
三分六合彩,正码过关,正码三,合单,
三分六合彩,正码过关,正码三,合双,
三分六合彩,正码过关,正码三,合大,
三分六合彩,正码过关,正码三,合小,
三分六合彩,正码过关,正码三,尾大,
三分六合彩,正码过关,正码三,尾小,
三分六合彩,正码过关,正码三,红波,
三分六合彩,正码过关,正码三,绿波,
三分六合彩,正码过关,正码三,蓝波,
三分六合彩,正码过关,正码四,单,
三分六合彩,正码过关,正码四,双,
三分六合彩,正码过关,正码四,大,
三分六合彩,正码过关,正码四,小,
三分六合彩,正码过关,正码四,合单,
三分六合彩,正码过关,正码四,合双,
三分六合彩,正码过关,正码四,合大,
三分六合彩,正码过关,正码四,合小,
三分六合彩,正码过关,正码四,尾大,
三分六合彩,正码过关,正码四,尾小,
三分六合彩,正码过关,正码四,红波,
三分六合彩,正码过关,正码四,绿波,
三分六合彩,正码过关,正码四,蓝波,
三分六合彩,正码过关,正码五,单,
三分六合彩,正码过关,正码五,双,
三分六合彩,正码过关,正码五,大,
三分六合彩,正码过关,正码五,小,
三分六合彩,正码过关,正码五,合单,
三分六合彩,正码过关,正码五,合双,
三分六合彩,正码过关,正码五,合大,
三分六合彩,正码过关,正码五,合小,
三分六合彩,正码过关,正码五,尾大,
三分六合彩,正码过关,正码五,尾小,
三分六合彩,正码过关,正码五,红波,
三分六合彩,正码过关,正码五,绿波,
三分六合彩,正码过关,正码五,蓝波,
三分六合彩,正码过关,正码六,单,
三分六合彩,正码过关,正码六,双,
三分六合彩,正码过关,正码六,大,
三分六合彩,正码过关,正码六,小,
三分六合彩,正码过关,正码六,合单,
三分六合彩,正码过关,正码六,合双,
三分六合彩,正码过关,正码六,合大,
三分六合彩,正码过关,正码六,合小,
三分六合彩,正码过关,正码六,尾大,
三分六合彩,正码过关,正码六,尾小,
三分六合彩,正码过关,正码六,红波,
三分六合彩,正码过关,正码六,绿波,
三分六合彩,正码过关,正码六,蓝波,
三分六合彩,正码1-6,正码一,单,
三分六合彩,正码1-6,正码一,双,
三分六合彩,正码1-6,正码一,大,
三分六合彩,正码1-6,正码一,小,
三分六合彩,正码1-6,正码一,合单,
三分六合彩,正码1-6,正码一,合双,
三分六合彩,正码1-6,正码一,合大,
三分六合彩,正码1-6,正码一,合小,
三分六合彩,正码1-6,正码一,尾大,
三分六合彩,正码1-6,正码一,尾小,
三分六合彩,正码1-6,正码一,红波,
三分六合彩,正码1-6,正码一,绿波,
三分六合彩,正码1-6,正码一,蓝波,
三分六合彩,正码1-6,正码二,单,
三分六合彩,正码1-6,正码二,双,
三分六合彩,正码1-6,正码二,大,
三分六合彩,正码1-6,正码二,小,
三分六合彩,正码1-6,正码二,合单,
三分六合彩,正码1-6,正码二,合双,
三分六合彩,正码1-6,正码二,合大,
三分六合彩,正码1-6,正码二,合小,
三分六合彩,正码1-6,正码二,尾大,
三分六合彩,正码1-6,正码二,尾小,
三分六合彩,正码1-6,正码二,红波,
三分六合彩,正码1-6,正码二,绿波,
三分六合彩,正码1-6,正码二,蓝波,
三分六合彩,正码1-6,正码三,单,
三分六合彩,正码1-6,正码三,双,
三分六合彩,正码1-6,正码三,大,
三分六合彩,正码1-6,正码三,小,
三分六合彩,正码1-6,正码三,合单,
三分六合彩,正码1-6,正码三,合双,
三分六合彩,正码1-6,正码三,合大,
三分六合彩,正码1-6,正码三,合小,
三分六合彩,正码1-6,正码三,尾大,
三分六合彩,正码1-6,正码三,尾小,
三分六合彩,正码1-6,正码三,红波,
三分六合彩,正码1-6,正码三,绿波,
三分六合彩,正码1-6,正码三,蓝波,
三分六合彩,正码1-6,正码四,单,
三分六合彩,正码1-6,正码四,双,
三分六合彩,正码1-6,正码四,大,
三分六合彩,正码1-6,正码四,小,
三分六合彩,正码1-6,正码四,合单,
三分六合彩,正码1-6,正码四,合双,
三分六合彩,正码1-6,正码四,合大,
三分六合彩,正码1-6,正码四,合小,
三分六合彩,正码1-6,正码四,尾大,
三分六合彩,正码1-6,正码四,尾小,
三分六合彩,正码1-6,正码四,红波,
三分六合彩,正码1-6,正码四,绿波,
三分六合彩,正码1-6,正码四,蓝波,
三分六合彩,正码1-6,正码五,单,
三分六合彩,正码1-6,正码五,双,
三分六合彩,正码1-6,正码五,大,
三分六合彩,正码1-6,正码五,小,
三分六合彩,正码1-6,正码五,合单,
三分六合彩,正码1-6,正码五,合双,
三分六合彩,正码1-6,正码五,合大,
三分六合彩,正码1-6,正码五,合小,
三分六合彩,正码1-6,正码五,尾大,
三分六合彩,正码1-6,正码五,尾小,
三分六合彩,正码1-6,正码五,红波,
三分六合彩,正码1-6,正码五,绿波,
三分六合彩,正码1-6,正码五,蓝波,
三分六合彩,正码1-6,正码六,单,
三分六合彩,正码1-6,正码六,双,
三分六合彩,正码1-6,正码六,大,
三分六合彩,正码1-6,正码六,小,
三分六合彩,正码1-6,正码六,合单,
三分六合彩,正码1-6,正码六,合双,
三分六合彩,正码1-6,正码六,合大,
三分六合彩,正码1-6,正码六,合小,
三分六合彩,正码1-6,正码六,尾大,
三分六合彩,正码1-6,正码六,尾小,
三分六合彩,正码1-6,正码六,红波,
三分六合彩,正码1-6,正码六,绿波,
三分六合彩,正码1-6,正码六,蓝波,
三分六合彩,正码特,正一特,01,
三分六合彩,正码特,正一特,02,
三分六合彩,正码特,正一特,03,
三分六合彩,正码特,正一特,04,
三分六合彩,正码特,正一特,05,
三分六合彩,正码特,正一特,06,
三分六合彩,正码特,正一特,07,
三分六合彩,正码特,正一特,08,
三分六合彩,正码特,正一特,09,
三分六合彩,正码特,正一特,10,
三分六合彩,正码特,正一特,11,
三分六合彩,正码特,正一特,12,
三分六合彩,正码特,正一特,13,
三分六合彩,正码特,正一特,14,
三分六合彩,正码特,正一特,15,
三分六合彩,正码特,正一特,16,
三分六合彩,正码特,正一特,17,
三分六合彩,正码特,正一特,18,
三分六合彩,正码特,正一特,19,
三分六合彩,正码特,正一特,20,
三分六合彩,正码特,正一特,21,
三分六合彩,正码特,正一特,22,
三分六合彩,正码特,正一特,23,
三分六合彩,正码特,正一特,24,
三分六合彩,正码特,正一特,25,
三分六合彩,正码特,正一特,26,
三分六合彩,正码特,正一特,27,
三分六合彩,正码特,正一特,28,
三分六合彩,正码特,正一特,29,
三分六合彩,正码特,正一特,30,
三分六合彩,正码特,正一特,31,
三分六合彩,正码特,正一特,32,
三分六合彩,正码特,正一特,33,
三分六合彩,正码特,正一特,34,
三分六合彩,正码特,正一特,35,
三分六合彩,正码特,正一特,36,
三分六合彩,正码特,正一特,37,
三分六合彩,正码特,正一特,38,
三分六合彩,正码特,正一特,39,
三分六合彩,正码特,正一特,40,
三分六合彩,正码特,正一特,41,
三分六合彩,正码特,正一特,42,
三分六合彩,正码特,正一特,43,
三分六合彩,正码特,正一特,44,
三分六合彩,正码特,正一特,45,
三分六合彩,正码特,正一特,46,
三分六合彩,正码特,正一特,47,
三分六合彩,正码特,正一特,48,
三分六合彩,正码特,正一特,49,
三分六合彩,正码特,正二特,01,
三分六合彩,正码特,正二特,02,
三分六合彩,正码特,正二特,03,
三分六合彩,正码特,正二特,04,
三分六合彩,正码特,正二特,05,
三分六合彩,正码特,正二特,06,
三分六合彩,正码特,正二特,07,
三分六合彩,正码特,正二特,08,
三分六合彩,正码特,正二特,09,
三分六合彩,正码特,正二特,10,
三分六合彩,正码特,正二特,11,
三分六合彩,正码特,正二特,12,
三分六合彩,正码特,正二特,13,
三分六合彩,正码特,正二特,14,
三分六合彩,正码特,正二特,15,
三分六合彩,正码特,正二特,16,
三分六合彩,正码特,正二特,17,
三分六合彩,正码特,正二特,18,
三分六合彩,正码特,正二特,19,
三分六合彩,正码特,正二特,20,
三分六合彩,正码特,正二特,21,
三分六合彩,正码特,正二特,22,
三分六合彩,正码特,正二特,23,
三分六合彩,正码特,正二特,24,
三分六合彩,正码特,正二特,25,
三分六合彩,正码特,正二特,26,
三分六合彩,正码特,正二特,27,
三分六合彩,正码特,正二特,28,
三分六合彩,正码特,正二特,29,
三分六合彩,正码特,正二特,30,
三分六合彩,正码特,正二特,31,
三分六合彩,正码特,正二特,32,
三分六合彩,正码特,正二特,33,
三分六合彩,正码特,正二特,34,
三分六合彩,正码特,正二特,35,
三分六合彩,正码特,正二特,36,
三分六合彩,正码特,正二特,37,
三分六合彩,正码特,正二特,38,
三分六合彩,正码特,正二特,39,
三分六合彩,正码特,正二特,40,
三分六合彩,正码特,正二特,41,
三分六合彩,正码特,正二特,42,
三分六合彩,正码特,正二特,43,
三分六合彩,正码特,正二特,44,
三分六合彩,正码特,正二特,45,
三分六合彩,正码特,正二特,46,
三分六合彩,正码特,正二特,47,
三分六合彩,正码特,正二特,48,
三分六合彩,正码特,正二特,49,
三分六合彩,正码特,正三特,01,
三分六合彩,正码特,正三特,02,
三分六合彩,正码特,正三特,03,
三分六合彩,正码特,正三特,04,
三分六合彩,正码特,正三特,05,
三分六合彩,正码特,正三特,06,
三分六合彩,正码特,正三特,07,
三分六合彩,正码特,正三特,08,
三分六合彩,正码特,正三特,09,
三分六合彩,正码特,正三特,10,
三分六合彩,正码特,正三特,11,
三分六合彩,正码特,正三特,12,
三分六合彩,正码特,正三特,13,
三分六合彩,正码特,正三特,14,
三分六合彩,正码特,正三特,15,
三分六合彩,正码特,正三特,16,
三分六合彩,正码特,正三特,17,
三分六合彩,正码特,正三特,18,
三分六合彩,正码特,正三特,19,
三分六合彩,正码特,正三特,20,
三分六合彩,正码特,正三特,21,
三分六合彩,正码特,正三特,22,
三分六合彩,正码特,正三特,23,
三分六合彩,正码特,正三特,24,
三分六合彩,正码特,正三特,25,
三分六合彩,正码特,正三特,26,
三分六合彩,正码特,正三特,27,
三分六合彩,正码特,正三特,28,
三分六合彩,正码特,正三特,29,
三分六合彩,正码特,正三特,30,
三分六合彩,正码特,正三特,31,
三分六合彩,正码特,正三特,32,
三分六合彩,正码特,正三特,33,
三分六合彩,正码特,正三特,34,
三分六合彩,正码特,正三特,35,
三分六合彩,正码特,正三特,36,
三分六合彩,正码特,正三特,37,
三分六合彩,正码特,正三特,38,
三分六合彩,正码特,正三特,39,
三分六合彩,正码特,正三特,40,
三分六合彩,正码特,正三特,41,
三分六合彩,正码特,正三特,42,
三分六合彩,正码特,正三特,43,
三分六合彩,正码特,正三特,44,
三分六合彩,正码特,正三特,45,
三分六合彩,正码特,正三特,46,
三分六合彩,正码特,正三特,47,
三分六合彩,正码特,正三特,48,
三分六合彩,正码特,正三特,49,
三分六合彩,正码特,正四特,01,
三分六合彩,正码特,正四特,02,
三分六合彩,正码特,正四特,03,
三分六合彩,正码特,正四特,04,
三分六合彩,正码特,正四特,05,
三分六合彩,正码特,正四特,06,
三分六合彩,正码特,正四特,07,
三分六合彩,正码特,正四特,08,
三分六合彩,正码特,正四特,09,
三分六合彩,正码特,正四特,10,
三分六合彩,正码特,正四特,11,
三分六合彩,正码特,正四特,12,
三分六合彩,正码特,正四特,13,
三分六合彩,正码特,正四特,14,
三分六合彩,正码特,正四特,15,
三分六合彩,正码特,正四特,16,
三分六合彩,正码特,正四特,17,
三分六合彩,正码特,正四特,18,
三分六合彩,正码特,正四特,19,
三分六合彩,正码特,正四特,20,
三分六合彩,正码特,正四特,21,
三分六合彩,正码特,正四特,22,
三分六合彩,正码特,正四特,23,
三分六合彩,正码特,正四特,24,
三分六合彩,正码特,正四特,25,
三分六合彩,正码特,正四特,26,
三分六合彩,正码特,正四特,27,
三分六合彩,正码特,正四特,28,
三分六合彩,正码特,正四特,29,
三分六合彩,正码特,正四特,30,
三分六合彩,正码特,正四特,31,
三分六合彩,正码特,正四特,32,
三分六合彩,正码特,正四特,33,
三分六合彩,正码特,正四特,34,
三分六合彩,正码特,正四特,35,
三分六合彩,正码特,正四特,36,
三分六合彩,正码特,正四特,37,
三分六合彩,正码特,正四特,38,
三分六合彩,正码特,正四特,39,
三分六合彩,正码特,正四特,40,
三分六合彩,正码特,正四特,41,
三分六合彩,正码特,正四特,42,
三分六合彩,正码特,正四特,43,
三分六合彩,正码特,正四特,44,
三分六合彩,正码特,正四特,45,
三分六合彩,正码特,正四特,46,
三分六合彩,正码特,正四特,47,
三分六合彩,正码特,正四特,48,
三分六合彩,正码特,正四特,49,
三分六合彩,正码特,正五特,01,
三分六合彩,正码特,正五特,02,
三分六合彩,正码特,正五特,03,
三分六合彩,正码特,正五特,04,
三分六合彩,正码特,正五特,05,
三分六合彩,正码特,正五特,06,
三分六合彩,正码特,正五特,07,
三分六合彩,正码特,正五特,08,
三分六合彩,正码特,正五特,09,
三分六合彩,正码特,正五特,10,
三分六合彩,正码特,正五特,11,
三分六合彩,正码特,正五特,12,
三分六合彩,正码特,正五特,13,
三分六合彩,正码特,正五特,14,
三分六合彩,正码特,正五特,15,
三分六合彩,正码特,正五特,16,
三分六合彩,正码特,正五特,17,
三分六合彩,正码特,正五特,18,
三分六合彩,正码特,正五特,19,
三分六合彩,正码特,正五特,20,
三分六合彩,正码特,正五特,21,
三分六合彩,正码特,正五特,22,
三分六合彩,正码特,正五特,23,
三分六合彩,正码特,正五特,24,
三分六合彩,正码特,正五特,25,
三分六合彩,正码特,正五特,26,
三分六合彩,正码特,正五特,27,
三分六合彩,正码特,正五特,28,
三分六合彩,正码特,正五特,29,
三分六合彩,正码特,正五特,30,
三分六合彩,正码特,正五特,31,
三分六合彩,正码特,正五特,32,
三分六合彩,正码特,正五特,33,
三分六合彩,正码特,正五特,34,
三分六合彩,正码特,正五特,35,
三分六合彩,正码特,正五特,36,
三分六合彩,正码特,正五特,37,
三分六合彩,正码特,正五特,38,
三分六合彩,正码特,正五特,39,
三分六合彩,正码特,正五特,40,
三分六合彩,正码特,正五特,41,
三分六合彩,正码特,正五特,42,
三分六合彩,正码特,正五特,43,
三分六合彩,正码特,正五特,44,
三分六合彩,正码特,正五特,45,
三分六合彩,正码特,正五特,46,
三分六合彩,正码特,正五特,47,
三分六合彩,正码特,正五特,48,
三分六合彩,正码特,正五特,49,
三分六合彩,正码特,正六特,01,
三分六合彩,正码特,正六特,02,
三分六合彩,正码特,正六特,03,
三分六合彩,正码特,正六特,04,
三分六合彩,正码特,正六特,05,
三分六合彩,正码特,正六特,06,
三分六合彩,正码特,正六特,07,
三分六合彩,正码特,正六特,08,
三分六合彩,正码特,正六特,09,
三分六合彩,正码特,正六特,10,
三分六合彩,正码特,正六特,11,
三分六合彩,正码特,正六特,12,
三分六合彩,正码特,正六特,13,
三分六合彩,正码特,正六特,14,
三分六合彩,正码特,正六特,15,
三分六合彩,正码特,正六特,16,
三分六合彩,正码特,正六特,17,
三分六合彩,正码特,正六特,18,
三分六合彩,正码特,正六特,19,
三分六合彩,正码特,正六特,20,
三分六合彩,正码特,正六特,21,
三分六合彩,正码特,正六特,22,
三分六合彩,正码特,正六特,23,
三分六合彩,正码特,正六特,24,
三分六合彩,正码特,正六特,25,
三分六合彩,正码特,正六特,26,
三分六合彩,正码特,正六特,27,
三分六合彩,正码特,正六特,28,
三分六合彩,正码特,正六特,29,
三分六合彩,正码特,正六特,30,
三分六合彩,正码特,正六特,31,
三分六合彩,正码特,正六特,32,
三分六合彩,正码特,正六特,33,
三分六合彩,正码特,正六特,34,
三分六合彩,正码特,正六特,35,
三分六合彩,正码特,正六特,36,
三分六合彩,正码特,正六特,37,
三分六合彩,正码特,正六特,38,
三分六合彩,正码特,正六特,39,
三分六合彩,正码特,正六特,40,
三分六合彩,正码特,正六特,41,
三分六合彩,正码特,正六特,42,
三分六合彩,正码特,正六特,43,
三分六合彩,正码特,正六特,44,
三分六合彩,正码特,正六特,45,
三分六合彩,正码特,正六特,46,
三分六合彩,正码特,正六特,47,
三分六合彩,正码特,正六特,48,
三分六合彩,正码特,正六特,49,
三分六合彩,正码,,01,
三分六合彩,正码,,02,
三分六合彩,正码,,03,
三分六合彩,正码,,04,
三分六合彩,正码,,05,
三分六合彩,正码,,06,
三分六合彩,正码,,07,
三分六合彩,正码,,08,
三分六合彩,正码,,09,
三分六合彩,正码,,10,
三分六合彩,正码,,11,
三分六合彩,正码,,12,
三分六合彩,正码,,13,
三分六合彩,正码,,14,
三分六合彩,正码,,15,
三分六合彩,正码,,16,
三分六合彩,正码,,17,
三分六合彩,正码,,18,
三分六合彩,正码,,19,
三分六合彩,正码,,20,
三分六合彩,正码,,21,
三分六合彩,正码,,22,
三分六合彩,正码,,23,
三分六合彩,正码,,24,
三分六合彩,正码,,25,
三分六合彩,正码,,26,
三分六合彩,正码,,27,
三分六合彩,正码,,28,
三分六合彩,正码,,29,
三分六合彩,正码,,30,
三分六合彩,正码,,31,
三分六合彩,正码,,32,
三分六合彩,正码,,33,
三分六合彩,正码,,34,
三分六合彩,正码,,35,
三分六合彩,正码,,36,
三分六合彩,正码,,37,
三分六合彩,正码,,38,
三分六合彩,正码,,39,
三分六合彩,正码,,40,
三分六合彩,正码,,41,
三分六合彩,正码,,42,
三分六合彩,正码,,43,
三分六合彩,正码,,44,
三分六合彩,正码,,45,
三分六合彩,正码,,46,
三分六合彩,正码,,47,
三分六合彩,正码,,48,
三分六合彩,正码,,49,
三分六合彩,特码,,01,
三分六合彩,特码,,02,
三分六合彩,特码,,03,
三分六合彩,特码,,04,
三分六合彩,特码,,05,
三分六合彩,特码,,06,
三分六合彩,特码,,07,
三分六合彩,特码,,08,
三分六合彩,特码,,09,
三分六合彩,特码,,10,
三分六合彩,特码,,11,
三分六合彩,特码,,12,
三分六合彩,特码,,13,
三分六合彩,特码,,14,
三分六合彩,特码,,15,
三分六合彩,特码,,16,
三分六合彩,特码,,17,
三分六合彩,特码,,18,
三分六合彩,特码,,19,
三分六合彩,特码,,20,
三分六合彩,特码,,21,
三分六合彩,特码,,22,
三分六合彩,特码,,23,
三分六合彩,特码,,24,
三分六合彩,特码,,25,
三分六合彩,特码,,26,
三分六合彩,特码,,27,
三分六合彩,特码,,28,
三分六合彩,特码,,29,
三分六合彩,特码,,30,
三分六合彩,特码,,31,
三分六合彩,特码,,32,
三分六合彩,特码,,33,
三分六合彩,特码,,34,
三分六合彩,特码,,35,
三分六合彩,特码,,36,
三分六合彩,特码,,37,
三分六合彩,特码,,38,
三分六合彩,特码,,39,
三分六合彩,特码,,40,
三分六合彩,特码,,41,
三分六合彩,特码,,42,
三分六合彩,特码,,43,
三分六合彩,特码,,44,
三分六合彩,特码,,45,
三分六合彩,特码,,46,
三分六合彩,特码,,47,
三分六合彩,特码,,48,
三分六合彩,特码,,49,
三分六合彩,中一,五中一,01,
三分六合彩,中一,五中一,02,
三分六合彩,中一,五中一,03,
三分六合彩,中一,五中一,04,
三分六合彩,中一,五中一,05,
三分六合彩,中一,五中一,06,
三分六合彩,中一,五中一,07,
三分六合彩,中一,五中一,08,
三分六合彩,中一,五中一,09,
三分六合彩,中一,五中一,10,
三分六合彩,中一,五中一,11,
三分六合彩,中一,五中一,12,
三分六合彩,中一,五中一,13,
三分六合彩,中一,五中一,14,
三分六合彩,中一,五中一,15,
三分六合彩,中一,五中一,16,
三分六合彩,中一,五中一,17,
三分六合彩,中一,五中一,18,
三分六合彩,中一,五中一,19,
三分六合彩,中一,五中一,20,
三分六合彩,中一,五中一,21,
三分六合彩,中一,五中一,22,
三分六合彩,中一,五中一,23,
三分六合彩,中一,五中一,24,
三分六合彩,中一,五中一,25,
三分六合彩,中一,五中一,26,
三分六合彩,中一,五中一,27,
三分六合彩,中一,五中一,28,
三分六合彩,中一,五中一,29,
三分六合彩,中一,五中一,30,
三分六合彩,中一,五中一,31,
三分六合彩,中一,五中一,32,
三分六合彩,中一,五中一,33,
三分六合彩,中一,五中一,34,
三分六合彩,中一,五中一,35,
三分六合彩,中一,五中一,36,
三分六合彩,中一,五中一,37,
三分六合彩,中一,五中一,38,
三分六合彩,中一,五中一,39,
三分六合彩,中一,五中一,40,
三分六合彩,中一,五中一,41,
三分六合彩,中一,五中一,42,
三分六合彩,中一,五中一,43,
三分六合彩,中一,五中一,44,
三分六合彩,中一,五中一,45,
三分六合彩,中一,五中一,46,
三分六合彩,中一,五中一,47,
三分六合彩,中一,五中一,48,
三分六合彩,中一,五中一,49,
三分六合彩,中一,六中一,01,
三分六合彩,中一,六中一,02,
三分六合彩,中一,六中一,03,
三分六合彩,中一,六中一,04,
三分六合彩,中一,六中一,05,
三分六合彩,中一,六中一,06,
三分六合彩,中一,六中一,07,
三分六合彩,中一,六中一,08,
三分六合彩,中一,六中一,09,
三分六合彩,中一,六中一,10,
三分六合彩,中一,六中一,11,
三分六合彩,中一,六中一,12,
三分六合彩,中一,六中一,13,
三分六合彩,中一,六中一,14,
三分六合彩,中一,六中一,15,
三分六合彩,中一,六中一,16,
三分六合彩,中一,六中一,17,
三分六合彩,中一,六中一,18,
三分六合彩,中一,六中一,19,
三分六合彩,中一,六中一,20,
三分六合彩,中一,六中一,21,
三分六合彩,中一,六中一,22,
三分六合彩,中一,六中一,23,
三分六合彩,中一,六中一,24,
三分六合彩,中一,六中一,25,
三分六合彩,中一,六中一,26,
三分六合彩,中一,六中一,27,
三分六合彩,中一,六中一,28,
三分六合彩,中一,六中一,29,
三分六合彩,中一,六中一,30,
三分六合彩,中一,六中一,31,
三分六合彩,中一,六中一,32,
三分六合彩,中一,六中一,33,
三分六合彩,中一,六中一,34,
三分六合彩,中一,六中一,35,
三分六合彩,中一,六中一,36,
三分六合彩,中一,六中一,37,
三分六合彩,中一,六中一,38,
三分六合彩,中一,六中一,39,
三分六合彩,中一,六中一,40,
三分六合彩,中一,六中一,41,
三分六合彩,中一,六中一,42,
三分六合彩,中一,六中一,43,
三分六合彩,中一,六中一,44,
三分六合彩,中一,六中一,45,
三分六合彩,中一,六中一,46,
三分六合彩,中一,六中一,47,
三分六合彩,中一,六中一,48,
三分六合彩,中一,六中一,49,
三分六合彩,中一,七中一,01,
三分六合彩,中一,七中一,02,
三分六合彩,中一,七中一,03,
三分六合彩,中一,七中一,04,
三分六合彩,中一,七中一,05,
三分六合彩,中一,七中一,06,
三分六合彩,中一,七中一,07,
三分六合彩,中一,七中一,08,
三分六合彩,中一,七中一,09,
三分六合彩,中一,七中一,10,
三分六合彩,中一,七中一,11,
三分六合彩,中一,七中一,12,
三分六合彩,中一,七中一,13,
三分六合彩,中一,七中一,14,
三分六合彩,中一,七中一,15,
三分六合彩,中一,七中一,16,
三分六合彩,中一,七中一,17,
三分六合彩,中一,七中一,18,
三分六合彩,中一,七中一,19,
三分六合彩,中一,七中一,20,
三分六合彩,中一,七中一,21,
三分六合彩,中一,七中一,22,
三分六合彩,中一,七中一,23,
三分六合彩,中一,七中一,24,
三分六合彩,中一,七中一,25,
三分六合彩,中一,七中一,26,
三分六合彩,中一,七中一,27,
三分六合彩,中一,七中一,28,
三分六合彩,中一,七中一,29,
三分六合彩,中一,七中一,30,
三分六合彩,中一,七中一,31,
三分六合彩,中一,七中一,32,
三分六合彩,中一,七中一,33,
三分六合彩,中一,七中一,34,
三分六合彩,中一,七中一,35,
三分六合彩,中一,七中一,36,
三分六合彩,中一,七中一,37,
三分六合彩,中一,七中一,38,
三分六合彩,中一,七中一,39,
三分六合彩,中一,七中一,40,
三分六合彩,中一,七中一,41,
三分六合彩,中一,七中一,42,
三分六合彩,中一,七中一,43,
三分六合彩,中一,七中一,44,
三分六合彩,中一,七中一,45,
三分六合彩,中一,七中一,46,
三分六合彩,中一,七中一,47,
三分六合彩,中一,七中一,48,
三分六合彩,中一,七中一,49,
三分六合彩,中一,八中一,01,
三分六合彩,中一,八中一,02,
三分六合彩,中一,八中一,03,
三分六合彩,中一,八中一,04,
三分六合彩,中一,八中一,05,
三分六合彩,中一,八中一,06,
三分六合彩,中一,八中一,07,
三分六合彩,中一,八中一,08,
三分六合彩,中一,八中一,09,
三分六合彩,中一,八中一,10,
三分六合彩,中一,八中一,11,
三分六合彩,中一,八中一,12,
三分六合彩,中一,八中一,13,
三分六合彩,中一,八中一,14,
三分六合彩,中一,八中一,15,
三分六合彩,中一,八中一,16,
三分六合彩,中一,八中一,17,
三分六合彩,中一,八中一,18,
三分六合彩,中一,八中一,19,
三分六合彩,中一,八中一,20,
三分六合彩,中一,八中一,21,
三分六合彩,中一,八中一,22,
三分六合彩,中一,八中一,23,
三分六合彩,中一,八中一,24,
三分六合彩,中一,八中一,25,
三分六合彩,中一,八中一,26,
三分六合彩,中一,八中一,27,
三分六合彩,中一,八中一,28,
三分六合彩,中一,八中一,29,
三分六合彩,中一,八中一,30,
三分六合彩,中一,八中一,31,
三分六合彩,中一,八中一,32,
三分六合彩,中一,八中一,33,
三分六合彩,中一,八中一,34,
三分六合彩,中一,八中一,35,
三分六合彩,中一,八中一,36,
三分六合彩,中一,八中一,37,
三分六合彩,中一,八中一,38,
三分六合彩,中一,八中一,39,
三分六合彩,中一,八中一,40,
三分六合彩,中一,八中一,41,
三分六合彩,中一,八中一,42,
三分六合彩,中一,八中一,43,
三分六合彩,中一,八中一,44,
三分六合彩,中一,八中一,45,
三分六合彩,中一,八中一,46,
三分六合彩,中一,八中一,47,
三分六合彩,中一,八中一,48,
三分六合彩,中一,八中一,49,
三分六合彩,中一,九中一,01,
三分六合彩,中一,九中一,02,
三分六合彩,中一,九中一,03,
三分六合彩,中一,九中一,04,
三分六合彩,中一,九中一,05,
三分六合彩,中一,九中一,06,
三分六合彩,中一,九中一,07,
三分六合彩,中一,九中一,08,
三分六合彩,中一,九中一,09,
三分六合彩,中一,九中一,10,
三分六合彩,中一,九中一,11,
三分六合彩,中一,九中一,12,
三分六合彩,中一,九中一,13,
三分六合彩,中一,九中一,14,
三分六合彩,中一,九中一,15,
三分六合彩,中一,九中一,16,
三分六合彩,中一,九中一,17,
三分六合彩,中一,九中一,18,
三分六合彩,中一,九中一,19,
三分六合彩,中一,九中一,20,
三分六合彩,中一,九中一,21,
三分六合彩,中一,九中一,22,
三分六合彩,中一,九中一,23,
三分六合彩,中一,九中一,24,
三分六合彩,中一,九中一,25,
三分六合彩,中一,九中一,26,
三分六合彩,中一,九中一,27,
三分六合彩,中一,九中一,28,
三分六合彩,中一,九中一,29,
三分六合彩,中一,九中一,30,
三分六合彩,中一,九中一,31,
三分六合彩,中一,九中一,32,
三分六合彩,中一,九中一,33,
三分六合彩,中一,九中一,34,
三分六合彩,中一,九中一,35,
三分六合彩,中一,九中一,36,
三分六合彩,中一,九中一,37,
三分六合彩,中一,九中一,38,
三分六合彩,中一,九中一,39,
三分六合彩,中一,九中一,40,
三分六合彩,中一,九中一,41,
三分六合彩,中一,九中一,42,
三分六合彩,中一,九中一,43,
三分六合彩,中一,九中一,44,
三分六合彩,中一,九中一,45,
三分六合彩,中一,九中一,46,
三分六合彩,中一,九中一,47,
三分六合彩,中一,九中一,48,
三分六合彩,中一,九中一,49,
三分六合彩,中一,十中一,01,
三分六合彩,中一,十中一,02,
三分六合彩,中一,十中一,03,
三分六合彩,中一,十中一,04,
三分六合彩,中一,十中一,05,
三分六合彩,中一,十中一,06,
三分六合彩,中一,十中一,07,
三分六合彩,中一,十中一,08,
三分六合彩,中一,十中一,09,
三分六合彩,中一,十中一,10,
三分六合彩,中一,十中一,11,
三分六合彩,中一,十中一,12,
三分六合彩,中一,十中一,13,
三分六合彩,中一,十中一,14,
三分六合彩,中一,十中一,15,
三分六合彩,中一,十中一,16,
三分六合彩,中一,十中一,17,
三分六合彩,中一,十中一,18,
三分六合彩,中一,十中一,19,
三分六合彩,中一,十中一,20,
三分六合彩,中一,十中一,21,
三分六合彩,中一,十中一,22,
三分六合彩,中一,十中一,23,
三分六合彩,中一,十中一,24,
三分六合彩,中一,十中一,25,
三分六合彩,中一,十中一,26,
三分六合彩,中一,十中一,27,
三分六合彩,中一,十中一,28,
三分六合彩,中一,十中一,29,
三分六合彩,中一,十中一,30,
三分六合彩,中一,十中一,31,
三分六合彩,中一,十中一,32,
三分六合彩,中一,十中一,33,
三分六合彩,中一,十中一,34,
三分六合彩,中一,十中一,35,
三分六合彩,中一,十中一,36,
三分六合彩,中一,十中一,37,
三分六合彩,中一,十中一,38,
三分六合彩,中一,十中一,39,
三分六合彩,中一,十中一,40,
三分六合彩,中一,十中一,41,
三分六合彩,中一,十中一,42,
三分六合彩,中一,十中一,43,
三分六合彩,中一,十中一,44,
三分六合彩,中一,十中一,45,
三分六合彩,中一,十中一,46,
三分六合彩,中一,十中一,47,
三分六合彩,中一,十中一,48,
三分六合彩,中一,十中一,49,
